﻿<?xml version="1.0"?>
<doc>
<assembly>
<name>
AuditCO_Server
</name>
</assembly>
<members>
<member name="T:AuditCO_Server.My.Resources.Resources">
<summary>
  A strongly-typed resource class, for looking up localized strings, etc.
</summary>
</member>
<member name="P:AuditCO_Server.My.Resources.Resources.ResourceManager">
<summary>
  Returns the cached ResourceManager instance used by this class.
</summary>
</member>
<member name="P:AuditCO_Server.My.Resources.Resources.Culture">
<summary>
  Overrides the current thread's CurrentUICulture property for all
  resource lookups using this strongly typed resource class.
</summary>
</member>
<member name="T:AuditCO_Server.Teste">
<summary>
Represents a strongly typed in-memory cache of data.
</summary>
</member>
<member name="T:AuditCO_Server.Teste.UsuariosDataTable">
<summary>
Represents the strongly named DataTable class.
</summary>
</member>
<member name="T:AuditCO_Server.Teste.UsuariosRow">
<summary>
Represents strongly named DataRow class.
</summary>
</member>
<member name="T:AuditCO_Server.Teste.UsuariosRowChangeEvent">
<summary>
Row event argument class
</summary>
</member>
<member name="T:AuditCO_Server.TesteTableAdapters.UsuariosTableAdapter">
<summary>
Represents the connection and commands used to retrieve and save data.
</summary>
</member>
<member name="T:AuditCO_Server.TesteTableAdapters.TableAdapterManager">
<summary>
TableAdapterManager is used to coordinate TableAdapters in the dataset to enable Hierarchical Update scenarios
</summary>
</member>
<member name="M:AuditCO_Server.TesteTableAdapters.TableAdapterManager.UpdateUpdatedRows(AuditCO_Server.Teste,System.Collections.Generic.List{System.Data.DataRow},System.Collections.Generic.List{System.Data.DataRow})">
<summary>
Update rows in top-down order.
</summary>
</member>
<member name="M:AuditCO_Server.TesteTableAdapters.TableAdapterManager.UpdateInsertedRows(AuditCO_Server.Teste,System.Collections.Generic.List{System.Data.DataRow})">
<summary>
Insert rows in top-down order.
</summary>
</member>
<member name="M:AuditCO_Server.TesteTableAdapters.TableAdapterManager.UpdateDeletedRows(AuditCO_Server.Teste,System.Collections.Generic.List{System.Data.DataRow})">
<summary>
Delete rows in bottom-up order.
</summary>
</member>
<member name="M:AuditCO_Server.TesteTableAdapters.TableAdapterManager.GetRealUpdatedRows(System.Data.DataRow[],System.Collections.Generic.List{System.Data.DataRow})">
<summary>
Remove inserted rows that become updated rows after calling TableAdapter.Update(inserted rows) first
</summary>
</member>
<member name="M:AuditCO_Server.TesteTableAdapters.TableAdapterManager.UpdateAll(AuditCO_Server.Teste)">
<summary>
Update all changes to the dataset.
</summary>
</member>
<member name="T:AuditCO_Server.TesteTableAdapters.TableAdapterManager.UpdateOrderOption">
<summary>
Update Order Option
</summary>
</member>
<member name="T:AuditCO_Server.TesteTableAdapters.TableAdapterManager.SelfReferenceComparer">
<summary>
Used to sort self-referenced table's rows
</summary>
</member>
</members>
</doc>
