﻿<?xml version="1.0" encoding="utf-8"?>
<AuditCo_Cliente>
  <Coleta>
    <datacoleta>2018-7-2</datacoleta>
    <horacoleta>9:16:33</horacoleta>
    <nmhost>NBBNU006731</nmhost>
    <nmuserlogado>Diego.Pamplona</nmuserlogado>
    <nmcontdomhost>HONDA</nmcontdomhost>
    <uptimehost>1 dias e 17 horas e 29 minutos e 21 segundos</uptimehost>
    <timezonehost>Hora oficial do Brasil</timezonehost>
    <prochost>Intel(R) Core(TM) i5-3230M CPU @ 2.60GHz</prochost>
    <qtdcorhost>4 Cores</qtdcorhost>
    <nmsoatualhost>Microsoft Windows 10 Pro</nmsoatualhost>
    <platsoatualhost>64 Bits</platsoatualhost>
    <lingsoatualhost>pt-BR</lingsoatualhost>
    <qtdmemhost>8GB</qtdmemhost>
    <qtdmemdisphost>2GB</qtdmemdisphost>
    <discosohost>C:\</discosohost>
    <formatdiscosohost>NTFS</formatdiscosohost>
    <tamtotdiscosohost>298GB</tamtotdiscosohost>
    <tamdispdiscosohost>198GB</tamdispdiscosohost>
    <nomeniccabo>Conexão local</nomeniccabo>
    <descniccabo>Broadcom NetXtreme 57xx Gigabit Controller</descniccabo>
    <macaddressniccabo>A41F72F7ECC6</macaddressniccabo>
    <enderipniccabo>169.254.148.84</enderipniccabo>
    <nomenicsemfio>Conexão de Rede sem Fio</nomenicsemfio>
    <descnicsemfio>Adaptador de rede Broadcom 802.11n</descnicsemfio>
    <macaddressnicsemfio>342387088762</macaddressnicsemfio>
    <enderipnicsemfio>192.168.1.104</enderipnicsemfio>
    <placavideo>Intel(R) HD Graphics 4000 com 2GB Dedicado de RAM</placavideo>
    <resolucaoatual>1366 X 768</resolucaoatual>
    <impressorainst1>Send To OneNote 2016</impressorainst1>
    <impressorainst2>PDFCreator</impressorainst2>
    <impressorainst3>PDF Architect 4</impressorainst3>
    <impressorainst4>Microsoft XPS Document Writer</impressorainst4>
    <impressorainst5>Microsoft Print to PDF</impressorainst5>
    <impressorainst6>Fax</impressorainst6>
    <impressorainst7>EPSON XP-211 214 216 Series</impressorainst7>
    <chavewindows>TY4CG-JDJH7-VJ2WF-DY4X9-HCFC6</chavewindows>
    <chaveoffice>N/A</chaveoffice>
    <instanciasql>NBBNU006731SQLEXPRESS</instanciasql>
    <programinstal1>Driver Easy 5.6.2</programinstal1>
    <programinstal2>EPSON XP-211 214 216 Series Printer Uninstall</programinstal2>
    <programinstal3>Git version 2.16.1.4</programinstal3>
    <programinstal4>Microsoft Help Viewer 1.1</programinstal4>
    <programinstal5>Microsoft Help Viewer 1.1 Language Pack - PTB</programinstal5>
    <programinstal6>System Center Endpoint Protection</programinstal6>
    <programinstal7>Microsoft Office 365 ProPlus - pt-br</programinstal7>
    <programinstal8>PDFCreator</programinstal8>
    <programinstal9>PDF Architect 4 View Module</programinstal9>
    <programinstal10>IIS Express Application Compatibility Database for x64</programinstal10>
    <programinstal11>Microsoft ASP.NET Core 2.0.5 Runtime Package Store (x64)</programinstal11>
    <programinstal12>Windows Firewall Configuration Provider</programinstal12>
    <programinstal13>IIS 10.0 Express</programinstal13>
    <programinstal14>Intel(R) Management Engine Components</programinstal14>
    <programinstal15>Microsoft Visual C++ 2010  x64 Redistributable - 10.0.40219</programinstal15>
    <programinstal16>Microsoft SQL Server 2014 Management Objects  (x64)</programinstal16>
    <programinstal17>Microsoft ODBC Driver 11 for SQL Server</programinstal17>
    <programinstal18>Microsoft SQL Server 2016 Management Objects  (x64)</programinstal18>
    <programinstal19>Microsoft Visual C++ 2017 x64 Minimum Runtime - 14.13.26020</programinstal19>
    <programinstal20>Intel(R) Management Engine Components</programinstal20>
    <programinstal21>Microsoft .NET Framework 4.5.2</programinstal21>
    <programinstal22>Microsoft Visual Studio 2015 Update 3 Diagnostic Tools - amd64</programinstal22>
    <programinstal23>Active Directory Authentication Library for SQL Server</programinstal23>
    <programinstal24>Microsoft .NET Core Host - 2.0.5 (x64)</programinstal24>
    <programinstal25>Dell SupportAssist</programinstal25>
    <programinstal26>Microsoft Build Tools Language Resources 14.0 (amd64)</programinstal26>
    <programinstal27>Microsoft Visual C++ 2012 x64 Additional Runtime - 11.0.61030</programinstal27>
    <programinstal28>Intel® Trusted Connect Service Client</programinstal28>
    <programinstal29>Java(TM) SE Development Kit 10.0.1 (64-bit)</programinstal29>
    <programinstal30>Microsoft Visual Studio 2015 Performance Collection Tools - ENU</programinstal30>
    <programinstal31>Serv. de Compilador Transact-SQL do Microsoft SQL Server 2014 </programinstal31>
    <programinstal32>Visual Studio 2010 Prerequisites - English</programinstal32>
    <programinstal33>Microsoft .NET Core SDK - 2.1.100 (x64)</programinstal33>
    <programinstal34>Microsoft Visual C++ 2008 Redistributable - x64 9.0.30729.4148</programinstal34>
    <programinstal35>Microsoft Visual Studio Team Foundation Server 2015 Update 3 CTP1 Storyboarding (x64)</programinstal35>
    <programinstal36>Windows Software Development Kit DirectX x64 Remote</programinstal36>
    <programinstal37>Microsoft Sync Framework Runtime v1.0 (x64)</programinstal37>
    <programinstal38>UpdateAssistant</programinstal38>
    <programinstal39>Microsoft Visual Studio 2015 VsGraphics Helper Dependencies</programinstal39>
    <programinstal40>Intel(R) Management Engine Components</programinstal40>
    <programinstal41>PeaZip 5.1.1 (WIN64)</programinstal41>
    <programinstal42>Gravador VSS da Microsoft para SQL Server 2014</programinstal42>
    <programinstal43>Microsoft Visual C++ 2008 Redistributable - x64 9.0.30729.6161</programinstal43>
    <programinstal44>Visual C++ IDE x64 Package</programinstal44>
    <programinstal45>Microsoft Visual Studio 2015 Diagnostic Tools - amd64</programinstal45>
    <programinstal46>Microsoft Visual Studio Team Foundation Server 2015 Update 3 CTP1 Office Integration (x64)</programinstal46>
    <programinstal47>Microsoft Policy Platform</programinstal47>
    <programinstal48>Configuration Manager Client</programinstal48>
    <programinstal49>PDF Architect 4 Create Module</programinstal49>
    <programinstal50>Microsoft .NET Core Runtime - 2.0.5 (x64)</programinstal50>
    <programinstal51>Microsoft SQL Server Compact 4.0 SP1 x64 ENU</programinstal51>
    <programinstal52>Microsoft Build Tools 14.0 (amd64)</programinstal52>
    <programinstal53>Microsoft Sync Services for ADO.NET v2.0 (x64)</programinstal53>
    <programinstal54>Visual Studio 2015 Prerequisites - ENU Language Pack</programinstal54>
    <programinstal55>Microsoft Visual Studio 2015 Update 3 IntelliTrace (x64)</programinstal55>
    <programinstal56>Microsoft Silverlight</programinstal56>
    <programinstal57>Intel(R) Management Engine Components</programinstal57>
    <programinstal58>Office 16 Click-to-Run Licensing Component</programinstal58>
    <programinstal59>Office 16 Click-to-Run Extensibility Component</programinstal59>
    <programinstal60>Office 16 Click-to-Run Localization Component</programinstal60>
    <programinstal61>Microsoft Web Deploy 3.6</programinstal61>
    <programinstal62>Microsoft Application Error Reporting</programinstal62>
    <programinstal63>Microsoft System CLR Types for SQL Server 2016</programinstal63>
    <programinstal64>Windows Software Development Kit for Windows Store Apps DirectX x64 Remote</programinstal64>
    <programinstal65>Microsoft SQL Server 2014 Transact-SQL ScriptDom </programinstal65>
    <programinstal66>Microsoft SQL Server 2012 Command Line Utilities </programinstal66>
    <programinstal67>Dell Touchpad</programinstal67>
    <programinstal68>Revo Uninstaller 2.0.5</programinstal68>
    <programinstal69>Microsoft Forefront Endpoint Protection 2010 Server Management</programinstal69>
    <programinstal70>Microsoft SQL Server 2014 Express LocalDB </programinstal70>
    <programinstal71>Update for Windows 10 for x64-based Systems (KB4023057)</programinstal71>
    <programinstal72>IIS Express Application Compatibility Database for x86</programinstal72>
    <programinstal73>Microsoft Visual C++ 2005 Redistributable (x64)</programinstal73>
    <programinstal74>Microsoft Visual Studio Team Foundation Server 2015 Update 3 CTP1 Storyboarding Language Pack (x64) - ENU</programinstal74>
    <programinstal75>Microsoft .NET Framework 4.5.1 (PTB)</programinstal75>
    <programinstal76>Microsoft Visual Studio 2015 Update 3 Diagnostic Tools - amd64</programinstal76>
    <programinstal77>PDF Architect 4 Edit Module</programinstal77>
    <programinstal78>Microsoft .NET Version Manager (x64) 1.0.0-beta5</programinstal78>
    <programinstal79>Microsoft Visual C++ 2017 x64 Additional Runtime - 14.13.26020</programinstal79>
    <programinstal80>Microsoft Help Viewer 1.1 Language Pack - PTB</programinstal80>
    <programinstal81>Microsoft Visual C++ 2012 x64 Minimum Runtime - 11.0.61030</programinstal81>
    <programinstal82>Microsoft SQL Server 2016 T-SQL ScriptDom </programinstal82>
    <programinstal83>Java 10.0.1 (64-bit)</programinstal83>
    <programinstal84>Microsoft Security Client</programinstal84>
    <programinstal85>Microsoft SQL Server 2012 Native Client </programinstal85>
    <programinstal86>Microsoft .NET Core Host FX Resolver - 2.0.5 (x64)</programinstal86>
    <programinstal87>Visual Studio 2015 Prerequisites</programinstal87>
    <programinstal88>Managed Windows Defender</programinstal88>
    <programinstal89>Microsoft SQL Server 2016 LocalDB </programinstal89>
    <programinstal90>Microsoft Help Viewer 1.1</programinstal90>
    <programinstal91>Microsoft Visual Studio Team Foundation Server 2015 Update 3 CTP1 Office Integration Language Pack (x64) - ENU</programinstal91>
    <programinstal92>Intel(R) ME UninstallLegacy</programinstal92>
    <programinstal93>Microsoft System CLR Types for SQL Server 2014</programinstal93>
    <programinstal94>Microsoft Visual Studio 2015 Performance Collection Tools</programinstal94>
  </Coleta>
</AuditCo_Cliente>